Gary,1
Gary,5
Gary,8
Gary,10
Gary,13
Jason,9
Jason,3
Jason,14
Jason,15
Kayliegh,9
Kayliegh,3
Kayliegh,14
Kayliegh,15
Silleny,1
Silleny,5
Silleny,8
Silleny,10
Silleny,13
Silleny,17
Silleny,20
Morteza,1
Morteza,5
Morteza,8
Morteza,10
Morteza,13
Ryan,1
Ryan,5
Ryan,8
Ryan,10
Ryan,13
Ryan,16
Ryan,19
J,1
J,5
J,8
J,10
J,13
J,16
J,19
Lee,11
Lee,12
Lee,7
Stretch,3
Stretch,9
Stretch,14
Stretch,15
Stretch,16
Stretch,19
Faylene,1
Faylene,5
Faylene,8
Faylene,10
Faylene,13
Samuel,1
Samuel,4
Samuel,5
Samuel,6
Samuel,8
Samuel,10
Samuel,13
Elijah,1
Elijah,5
Elijah,8
Elijah,10
Elijah,13
Elijah,16
Elijah,19
Ron,3
Ron,9
Ron,14
Ron,15
Ron,17
Ron,20
Garden_Inn,9
Garden_Inn,3
Garden_Inn,14
Garden_Inn,15
Hyatt_Place,1
Hyatt_Place,5
Hyatt_Place,8
Hyatt_Place,10
Hyatt_Place,13
Hyatt_Place,16
Hyatt_Place,19
Marriott,1
Marriott,5
Marriott,8
Marriott,10
Marriott,13
Hampton,1
Hampton,5
Hampton,8
Hampton,10
Hampton,13
Hampton,16
Hampton,19
Hilton,9
Hilton,3
Hilton,14
Hilton,15
